Prompt,Response
"Shares of XYZ Corporation surged by 12% in early trading today after the company announced better-than-expected earnings for the second quarter. The technology giant reported a quarterly profit increase of 20%, surpassing Wall Street expectations. Key developments included the launch of a new product line of eco-friendly gadgets and a significant cost reduction in their overseas operations. CEO Jane Doe attributed the success to strategic investments in green technology and efficient supply chain management. Amidst the news, analysts are revising their ratings, with many suggesting a 'buy'.","{
    ""stock"": ""XYZ Corporation"",
    ""metrics"": {
        ""share_price_change"": ""surged by 12%"",
        ""quarterly_profit_increase"": ""20% increase""
    },
    ""bullet_point_news"": [
        ""XYZ Corporation shares surged by 12% following strong Q2 earnings."",
        ""Profit increased by 20%, surpassing Wall Street expectations."",
        ""New line of eco-friendly gadgets launched.""
    ],
    ""key_people_mentioned"": [
        ""Jane Doe, CEO""
    ],
    ""products"": [
        ""Eco-friendly gadgets""
    ],
    ""rating"": [""buy""]
}"
"Techtron Electronics, a leading innovator in consumer electronics, announced a remarkable surge in its share price by 25% this Tuesday. The increase came after the successful launch of its AI-powered devices, which have garnered significant attention from technology enthusiasts and industry experts alike. The company credits this success to the expansion of its research and development team and an evident increase in market demand for smart devices.

Over the past year, Techtron has invested heavily in AI research, doubling the size of its R&D team and collaborating with major tech universities. This strategic focus has resulted in the development of a range of products that integrate advanced AI capabilities, such as personalized learning algorithms and automated home systems, which have been well-received in the market.

During the launch event, CEO Emily Tran emphasized the role of innovative products in driving the company's growth. 'Our commitment to innovation and quality is what sets us apart from the competition,' Tran stated. She also highlighted several upcoming projects that are expected to further boost the company's portfolio and market presence.

Financial analysts have responded positively to Techtron's latest financial report, which shows a 20% increase in revenue from the previous quarter, mainly driven by its new product line. Despite some analysts remaining cautious, citing broader economic uncertainties and increasing competition in the tech sector, the majority have issued a strong 'buy' recommendation based on the company’s robust growth trajectory and innovative product offerings.

In response to these challenges, Techtron is planning to expand its global footprint by entering new markets in Asia and Europe next year. The company also aims to enhance its supply chain efficiency to manage costs better and improve profitability. These strategic moves are expected to sustain the company’s growth momentum and reassure investors about its long-term viability.","{
    ""stock"": ""Techtron Electronics"",
    ""metrics"": {
        ""share_price_increase"": ""surged by 25%"",
        ""revenue_growth"": ""20% increase from the previous quarter"",
        ""R&D_investment"": ""2x increase in  the size of the R&D team""
    },
    ""bullet_point_news"": [
        ""Techtron shares surged by 25% following the launch of AI-powered devices."",
        ""Revenue increased by 20% this quarter, driven by strong sales of new smart devices."",
        ""Company to expand into Asian and European markets next year.""
    ],
    ""key_people_mentioned"": [
        ""Emily Tran, CEO""
    ],
    ""products"": [
        ""AI-powered smart devices""
    ],
    ""rating"": [""buy""]
}"
"""GreenTech Solutions, a prominent player in the renewable energy sector, reported a significant achievement this quarter, achieving a milestone of $1 billion in revenue, an unprecedented 30% growth compared to last year. The company attributes this success to its aggressive expansion into new markets and the introduction of its innovative solar panel technology, which significantly reduces installation costs.

The company's CEO, Mark Liu, discussed the financial results during an earnings call yesterday. 'This quarter marks a pivotal moment for GreenTech as we continue to push boundaries and innovate within the renewable energy space,' said Liu. He outlined the company's strategy focusing on sustainable growth, leveraging cutting-edge technology to meet the growing global demand for renewable energy solutions.

GreenTech has been at the forefront of developing high-efficiency solar panels that are both more affordable and more effective than traditional models. This technology breakthrough has not only fueled their rapid growth but also positioned them as a leader in the renewable energy industry.

Despite the impressive growth, the road ahead is not without challenges. The company faces stiff competition from other tech giants entering the renewable energy market, and regulatory changes could impact future operations. However, GreenTech's management remains optimistic about their competitive edge and continues to invest in research and development.

The company plans to launch a new line of wind turbines next quarter, which it believes will complement its solar panel offerings and help solidify its market position. Encouraged by the robust growth and promising outlook, financial analysts have issued a 'buy' recommendation, signaling strong confidence in GreenTech's market strategy and future profitability.""","{
    ""stock"": ""GreenTech Solutions"",
    ""metrics"": {
        ""revenue_milestone"": ""achieved $1 billion in revenue"",
        ""year_over_year_growth"": ""30% growth compared to last year""   
      },
    ""bullet_point_news"": [
        ""GreenTech's revenue hits $1 billion, a 30% increase year over year."",
        ""New solar panel technology introduced, reducing installation costs."",
        ""Plans to launch a new line of wind turbines next quarter.""
    ],
    ""key_people_mentioned"": [
        ""Mark Liu, CEO""
    ],
    ""products"": [
        ""High-efficiency solar panels"",
        ""Wind turbines (upcoming)""
    ],
    ""rating"": [""buy""]
}"
"Modern Finance, a fast-growing fintech startup, just announced the close of its Series C funding round, raising an impressive $150 million. The funding, led by prominent venture capital firms including CapitalTech Ventures and Greenlight Capital, will be used to accelerate the company's product development and expand its customer base. Modern Finance's flagship product, the SmartWallet app, has seen a 120% increase in user adoption over the past year.

CEO Alice Martin shared her vision for the company in a recent interview, stating, 'Our goal is to revolutionize personal finance management through technology that makes financial advice accessible to everyone.' The company plans to use the new funds to enhance its machine learning capabilities, which are central to providing personalized financial insights to its users.

Despite the optimistic outlook, some analysts express concern over the company's long-term profitability, especially given the high burn rate typical of tech startups in their growth phase. However, Modern Finance has outlined a clear path to profitability, focusing on strategic partnerships and expanding into new markets, including Europe and South America.

In addition to funding news, Modern Finance reported a significant security upgrade to its platform, addressing key vulnerabilities and improving overall system resilience. This move is expected to bolster consumer confidence and attract more users to the SmartWallet app. Given the company’s strong growth yet lingering concerns about its high burn rate, financial analysts have assigned a 'hold' recommendation, suggesting that investors maintain their current positions until clearer profitability pathways emerge.","{
    ""stock"": ""Modern Finance"",
    ""metrics"": {
        ""funding_round"": ""Series C funding raised $150 million"",
        ""user_growth"": ""120% increase in user adoption over the past year""   
      },
    ""bullet_point_news"": [
        ""Raised $150 million in Series C funding to accelerate growth."",
        ""SmartWallet user adoption increased by 120% in the last year."",
        ""Implemented significant security enhancements to the platform.""
    ],
    ""key_people_mentioned"": [
        ""Alice Martin, CEO""
    ],
    ""products"": [
        ""SmartWallet app""
    ],
    ""rating"": [""hold""]
}"
"Vanguard Health Systems, a leading healthcare provider, reported a 10% increase in patient volume across its network of hospitals and clinics due to the rollout of its innovative telehealth services. This expansion comes at a critical time when the demand for accessible healthcare is at an all-time high. The company’s CEO, Dr. Robert Clarkson, announced during a press conference that the new telehealth platforms have not only increased accessibility but have also improved patient outcomes.

Vanguard’s latest quarterly earnings exceeded expectations, with a reported 15% increase in revenue, largely attributed to the success of the telehealth services. Dr. Clarkson highlighted the strategic initiatives that have been instrumental in this growth, including partnerships with technology providers and training programs for staff on the new systems.

The company has also been proactive in navigating the challenges posed by recent healthcare regulations, ensuring compliance and enhancing patient care standards. Looking forward, Vanguard Health plans to expand its telehealth services internationally, aiming to reach underserved populations in developing countries.

Analysts remain bullish on Vanguard’s prospects, citing the company’s innovative approach to healthcare and its potential to disrupt traditional medical practices.","{
    ""stock"": ""Vanguard Health Systems"",
    ""metrics"": {
        ""patient_volume_increase"": ""10% increase in patient volume"",
        ""revenue_growth"": ""15% increase in revenue""
    },
    ""bullet_point_news"": [
        ""Patient volume increased by 10% due to new telehealth services."",
        ""Quarterly revenue up by 15%, driven by telehealth success."",
        ""Plans to expand telehealth services internationally.""
    ],
    ""key_people_mentioned"": [
        ""Dr. Robert Clarkson, CEO""
    ],
    ""products"": [
        ""Telehealth services""
    ],
""rating"":[""none""]
}"
"Global Retail Group, one of the largest retail chains in North America, has just launched a groundbreaking loyalty program that integrates artificial intelligence to personalize shopping experiences. The initiative, dubbed 'Smart Shopper', has already seen enthusiastic adoption, with over a million sign-ups in the first week. CEO Laura Beck announced at the annual shareholder meeting that this program is part of a broader strategy to leverage technology to enhance customer engagement and retention.

The company also reported a robust growth in quarterly sales, up 8% from the same period last year. This growth is attributed to the successful integration of AI technologies in its marketing and sales strategies, which have optimized inventory management and customer outreach.

Despite the positive developments, Global Retail faces challenges from increased competition and shifting consumer preferences. To address these, the company has been investing in sustainable practices and expanding its online presence to reach a broader audience. This strategy includes enhancing the e-commerce platform and launching a new app that integrates with the 'Smart Shopper' program, providing users with personalized offers and recommendations based on their shopping history and preferences.

Laura Beck emphasized the importance of innovation in retail, stating, 'We must continue to adapt and innovate to stay ahead in a competitive market. Our focus on technology and sustainability is essential for our future success.' Financial analysts have been upbeat about the company's direction, with many upgrading their ratings to 'buy' due to strong growth prospects and effective strategy execution.","{
    ""stock"": ""Global Retail Group"",
    ""metrics"": {
        ""loyalty_program_signups"": ""over a 1,000,000  sign-ups in the first week"",
        ""quarterly_sales_growth"": ""8% increase from last year""
    },
    ""bullet_point_news"": [
        ""Launched 'Smart Shopper' loyalty program with over a million sign-ups."",
        ""Quarterly sales increased by 8%, driven by AI-enhanced marketing strategies."",
        ""Investing in sustainability and expanding online presence to boost customer engagement.""
    ],
    ""key_people_mentioned"": [
        ""Laura Beck, CEO""
    ],
    ""products"": [
        ""Smart Shopper loyalty program"",
        ""New e-commerce platform and app""
    ],
    ""rating"": [""buy""]
}"
"Quantum Computing Inc. has seen its stock price soar by 22% after announcing a major advancement in quantum computing speed, doubling its previous benchmarks. The breakthrough was revealed during their annual tech conference by both CEO Dr. Lisa Ray and Chief Technology Officer Mark Johnson. The company expects this improvement to significantly enhance data processing capabilities, attracting interest from major tech firms for potential collaborations.

During the conference, Dr. Ray emphasized the role of their recent partnership with TechGlobal University in achieving this breakthrough. CTO Mark Johnson detailed the technical aspects, explaining how new algorithms have reduced computational errors. As the company gears up for commercial production, it is also expanding its facilities, expecting to create 200 new jobs in the tech sector.","{
    ""stock"": ""Quantum Computing Inc."",
    ""metrics"": {
        ""stock_price_increase"": ""soared by 22%"",
        ""computational_speed"": ""2x  previous benchmarks"",
        ""facility_expansion"": ""expecting to create 200 new jobs""
    },
    ""bullet_point_news"": [
        ""Major breakthrough announced in quantum computing speed."",
        ""Partnership with TechGlobal University pivotal to advancements."",
        ""Expansion of facilities to accommodate commercial production.""
    ],
    ""key_people_mentioned"": [
        ""Dr. Lisa Ray, CEO"",
        ""Mark Johnson, CTO""
    ],
    ""products"": [
        ""Advanced quantum computing algorithms""
    ],
    ""rating"": [""none""]
}"
"Global Mining Corp reported a robust quarter with a 15% increase in profits, driven by high demand for rare minerals used in electronics. The announcement was made by CEO Brenda Mills and CFO James Peterson during their quarterly earnings call. Both executives highlighted the strategic shifts in operational efficiencies and new mining technologies that have decreased costs and increased output.

The company has recently expanded into new geographic areas, which CFO Peterson noted as a key factor in surpassing revenue projections. CEO Mills outlined future plans to invest in sustainable mining practices in response to growing environmental concerns, aiming to reduce the company’s carbon footprint by 20% over the next five years.

Amid these positive developments, financial analysts have issued a 'buy' recommendation for Global Mining Corp. This decision is influenced by the company’s successful expansion efforts, significant improvements in operational efficiency, and its proactive approach to sustainability. Analysts believe these factors position the company well for future growth, making it an attractive investment opportunity.","{
    ""stock"": ""Global Mining Corp"",
    ""metrics"": {
        ""profit_increase"": ""15% increase in profits"",
         ""sustainability_goal"": ""reduce carbon footprint by 20% over five years""
    },
    ""bullet_point_news"": [
        ""Profits up by 15% due to high demand for rare minerals."",
        ""Expansion into new geographic areas boosts revenue."",
        ""Plans to invest in sustainable mining practices.""
    ],
    ""key_people_mentioned"": [
        ""Brenda Mills, CEO"",
        ""James Peterson, CFO""
    ],
    ""products"": [
        ""Rare minerals for electronics""
    ],
    ""rating"": [""buy""]
}"
"Modern Beverages, known for its innovative organic drinks, has launched two new products this quarter which have quickly captured market attention. The launches were led by Director of Product Development, Susan Choi, and Marketing Director, Kevin Reynolds, who conducted a series of successful promotional campaigns. The company reported a 10% increase in sales following these launches.

Susan Choi discussed how extensive market research led to the creation of these new products tailored to health-conscious consumers. Meanwhile, Kevin Reynolds outlined the marketing strategies that significantly enhanced brand visibility and customer engagement.","{
    ""stock"": ""Modern Beverages"",
    ""metrics"": {
        ""sales_growth"": ""10% increase in sales""   
 },
    ""bullet_point_news"": [
        ""Launched two new organic drinks, driving a 10% sales increase."",
        ""Product development and marketing strategies boost market presence."",
        ""Focus on health-conscious consumers leads to product popularity.""
    ],
    ""key_people_mentioned"": [
        ""Susan Choi, Director of Product Development"",
        ""Kevin Reynolds, Marketing Director""
    ],
    ""products"": [
        ""Organic health-focused beverages""
    ],
    ""rating"": [""none""]
}"
"Luxury Autos Inc. has unveiled its latest model, the LX-EV 300, at the Paris Motor Show. The new electric vehicle has been developed under the leadership of Chief Engineer Elena Torres and Design Head Marco Giuliano. The company projects that this model will triple their electric vehicle sales in the coming year.

Chief Engineer Torres highlighted the advanced battery technology that extends the vehicle's range, while Design Head Giuliano discussed the aesthetics that blend luxury with sustainability. Despite the positive feedback at the show, some analysts express concerns about the high production costs and pricing strategy, which might limit market penetration compared to competitors with most changing their rating to sell.","{
    ""stock"": ""Luxury Autos Inc."",
    ""metrics"": {
        ""new_model_launch"": ""LX-EV 300 unveiled at Paris Motor Show"",
        ""sales_projection"": ""expected to 3x electric vehicle sales""
    },
    ""bullet_point_news"": [
        ""Unveiled new LX-EV 300 model, with advanced battery technology."",
        ""Sales expected to triple, but concerns about cost and pricing strategy."",
        ""Luxury and sustainability highlighted in vehicle design.""
    ],
    ""key_people_mentioned"": [
        ""Elena Torres, Chief Engineer"",
        ""Marco Giuliano, Design Head""
    ],
    ""products"": [
        ""LX-EV 300 electric vehicle""
    ],
    ""rating"": [""sell""]
}"
"DataSecure Inc., a leading cybersecurity firm, has seen its stock price drop by 15% following a significant data breach affecting over one million users. The breach was disclosed yesterday by CEO Robert Clark and CTO Sandra Dee during an emergency press conference. The executives admitted that the breach stemmed from outdated security protocols, which are now under review.

The company has faced sharp criticism for its handling of the breach and the delay in informing affected users. In response, DataSecure plans to overhaul its security measures and increase transparency with customers about data handling practices. Despite these plans, investor confidence has waned, and financial analysts have downgraded the stock to 'sell.' They cite potential long-term damage to the company’s reputation and customer trust as significant risks that could hinder recovery and affect profitability for years to come.","{
    ""stock"": ""DataSecure Inc."",
    ""metrics"": {
        ""stock_price_decline"": ""dropped by 15%"",
        ""data_breach_impact"": ""> 1,000,000 users affected""
    },
    ""bullet_point_news"": [
        ""Significant data breach causes 15% drop in stock price."",
        ""CEO and CTO admit breach due to outdated security protocols."",
        ""Plans to overhaul security measures and improve data handling transparency.""
    ],
    ""key_people_mentioned"": [
        ""Robert Clark, CEO"",
        ""Sandra Dee, CTO""
    ],
    ""products"": [
        ""Cybersecurity services""
    ],
    ""rating"": [""sell""]
}"